State,Constituency,Const. No.,Leading Candidate,Leading Party,Trailing Candidate,Trailing Party,Margin,Status
Andhra Pradesh,Achanta,56,SATYANARAYANA PITHANI,Telugu Desam,CHERUKUVADA SRI RANGANADHA RAJU,Yuvajana Sramika Rythu Congress Party,26554,Result Declared
Andhra Pradesh,Addanki,105,GOTTIPATI RAVI KUMAR,Telugu Desam,CHINNA HANIMIREDDY PANEM,Yuvajana Sramika Rythu Congress Party,24890,Result Declared
Andhra Pradesh,Adoni,146,DR. PARTHA SARATHI VALMIKI,Bharatiya Janata Party,Y. SAI PRASAD REDDY,Yuvajana Sramika Rythu Congress Party,18164,Result Declared
Andhra Pradesh,Allagadda,134,AKHILA PRIYA BHUMA,Telugu Desam,BRIJENDRA REDDY GANGULA (NANI),Yuvajana Sramika Rythu Congress Party,12037,Result Declared
Andhra Pradesh,Alur,147,B. VIRUPAKSHI,Yuvajana Sramika Rythu Congress Party,B. VEERABHADRA GOWD,Telugu Desam,2831,Result Declared
Andhra Pradesh,Amadalavalasa,6,KOONA RAVI KUMAR,Telugu Desam,THAMMINENI SEETARAM,Yuvajana Sramika Rythu Congress Party,35032,Result Declared
Andhra Pradesh,Amalapuram,44,AITHABATHULA ANANDARAO,Telugu Desam,VISWARUPU PINIPE,Yuvajana Sramika Rythu Congress Party,38628,Result Declared
Andhra Pradesh,Anakapalle,30,KONATHALA RAMAKRISHNA,Janasena Party,BHARATH KUMAR MALASALA,Yuvajana Sramika Rythu Congress Party,65764,Result Declared
Andhra Pradesh,Anantapur Urban,153,DAGGUPATI PRASAD,Telugu Desam,ANANTHA VENKATARAMI REDDY,Yuvajana Sramika Rythu Congress Party,23023,Result Declared
Andhra Pradesh,Anaparthy,40,RAMAKRISHNA REDDY NALLAMILLI,Bharatiya Janata Party,DOCTOR.SATHI SURYANARAYANA REDDY,Yuvajana Sramika Rythu Congress Party,20850,Result Declared
Andhra Pradesh,Araku Valley,28,REGAM MATYALINGAM,Yuvajana Sramika Rythu Congress Party,RAJARAO PANGI,Bharatiya Janata Party,31877,Result Declared
Andhra Pradesh,Atmakur,115,ANAM.RAMANARAYANA REDDY,Telugu Desam,MEKAPATI VIKRAM REDDY,Yuvajana Sramika Rythu Congress Party,7576,Result Declared
Andhra Pradesh,Avanigadda,76,BUDDHAPRASAD MANDALI,Janasena Party,RAMESH BABU SIMHADRI,Yuvajana Sramika Rythu Congress Party,46434,Result Declared
Andhra Pradesh,Badvel,124,DASARI SUDHA,Yuvajana Sramika Rythu Congress Party,BOJJA ROSHANNA,Bharatiya Janata Party,18567,Result Declared
Andhra Pradesh,Banaganapalle,140,B.C. JANARDHAN REDDY,Telugu Desam,KATASANI RAMI REDDY,Yuvajana Sramika Rythu Congress Party,25566,Result Declared
Andhra Pradesh,Bapatla,92,VEGESANA NARENDRA VARMA RAJU,Telugu Desam,KONA RAGHUPATHI,Yuvajana Sramika Rythu Congress Party,27768,Result Declared
Andhra Pradesh,Bhimavaram,59,RAMANJANEYULU PULAPARTHI (ANJIBABU),Janasena Party,GRANDHI SRINIVAS,Yuvajana Sramika Rythu Congress Party,66974,Result Declared
Andhra Pradesh,Bhimili,20,GANTA SRINIVASA RAO,Telugu Desam,MUTTAMSETTI SRINIVASA RAO (AVANTHI SRINIVAS),Yuvajana Sramika Rythu Congress Party,92401,Result Declared
Andhra Pradesh,Bobbili,14,R.V.S.K.K.RANGA RAO @ BABYNAYANA,Telugu Desam,VENKATA CHINA APPALA NAIDU SAMBANGI,Yuvajana Sramika Rythu Congress Party,44648,Result Declared
Andhra Pradesh,Chandragiri,166,VENKATA MANI PRASAD PULLIVARTHI,Telugu Desam,CHEVIREDDY MOHITH REDDY,Yuvajana Sramika Rythu Congress Party,43852,Result Declared
Andhra Pradesh,Cheepurupalle,15,KALAVENKATARAO KIMIDI,Telugu Desam,BOTCHA SATYANARAYANA,Yuvajana Sramika Rythu Congress Party,11971,Result Declared
Andhra Pradesh,Chilakaluripet,96,PRATHIPATI PULLARAO,Telugu Desam,KAVATI SIVA NAGA MANOHAR NAIDU,Yuvajana Sramika Rythu Congress Party,33262,Result Declared
Andhra Pradesh,Chintalapudi,68,ROSHAN KUMAR SONGA,Telugu Desam,KAMBHAM VIJAYA RAJU,Yuvajana Sramika Rythu Congress Party,27766,Result Declared
Andhra Pradesh,Chirala,106,MADDULURI MALA KONDAIAH,Telugu Desam,KARANAM VENKATESH,Yuvajana Sramika Rythu Congress Party,20984,Result Declared
Andhra Pradesh,Chittoor,172,GURAJALA JAGAN MOHAN (GJM),Telugu Desam,M.C. VIJAYANANDA REDDY,Yuvajana Sramika Rythu Congress Party,14604,Result Declared
Andhra Pradesh,Chodavaram,26,SURYA NAGA SANYASI RAJU KALIDINDI,Telugu Desam,KARANAM DHARMASRI,Yuvajana Sramika Rythu Congress Party,42189,Result Declared
Andhra Pradesh,Darsi,103,BUCHEPALLI SIVA PRASAD REDDY,Yuvajana Sramika Rythu Congress Party,GOTTIPATI LAKSHMI,Telugu Desam,2456,Result Declared
Andhra Pradesh,Denduluru,64,CHINTAMANENI PRABHAKAR,Telugu Desam,ABBAYA CHOWDARY KOTHARU,Yuvajana Sramika Rythu Congress Party,26266,Result Declared
Andhra Pradesh,Dharmavaram,160,SATYA KUMAR YADAV,Bharatiya Janata Party,KETHIREDDY VENKATA RAMI REDDY,Yuvajana Sramika Rythu Congress Party,3734,Result Declared
Andhra Pradesh,Dhone,141,KOTLA JAYA SURYA PRAKASH REDDY,Telugu Desam,BUGGANA RAJA REDDY,Yuvajana Sramika Rythu Congress Party,6049,Result Declared
Andhra Pradesh,Eluru,65,RADHA KRISHNAYYA BADETI,Telugu Desam,ALLA KALI KRISHNA SRINIVAS,Yuvajana Sramika Rythu Congress Party,62388,Result Declared
Andhra Pradesh,Etcherla,7,ESWARA RAO NADUKUDITI,Bharatiya Janata Party,KIRAN KUMAR GORLE,Yuvajana Sramika Rythu Congress Party,29089,Result Declared
Andhra Pradesh,Gajapathinagaram,16,KONDAPALLI SRINIVAS,Telugu Desam,APPALANARASAYYA BOTCHA,Yuvajana Sramika Rythu Congress Party,25301,Result Declared
Andhra Pradesh,Gajuwaka,25,PALLA SRINIVAS RAO,Telugu Desam,AVSS AMARNATH GUDIVADA,Yuvajana Sramika Rythu Congress Party,95235,Result Declared
Andhra Pradesh,Gangadhara Nellore (SC),171,DR. VM. THOMAS,Telugu Desam,K. KRUPALAKSHMI,Yuvajana Sramika Rythu Congress Party,26011,Result Declared
Andhra Pradesh,Gannavaram,71,YARLAGADDA VENKATA RAO,Telugu Desam,VAMSI VALLABHANENI,Yuvajana Sramika Rythu Congress Party,37628,Result Declared
Andhra Pradesh,Gannavaram(SC),46,GIDDI. SATYANARAYANA,Janasena Party,VIPPARTHI . VENUGOPALARAO,Yuvajana Sramika Rythu Congress Party,33367,Result Declared
Andhra Pradesh,Giddalur,112,ASHOK REDDY MUTHUMULA,Telugu Desam,KUNDURU NAGARJUNA REDDY (KP),Yuvajana Sramika Rythu Congress Party,973,Result Declared
Andhra Pradesh,Gopalapuram,66,MADDIPATI VENKATA RAJU,Telugu Desam,TANETI VANITA,Yuvajana Sramika Rythu Congress Party,26784,Result Declared
Andhra Pradesh,Gudivada,72,VENIGANDLA RAMU,Telugu Desam,KODALI SRI VENKATESWARA RAO (NANI),Yuvajana Sramika Rythu Congress Party,53040,Result Declared
Andhra Pradesh,Gudur,120,PASIM SUNIL KUMAR,Telugu Desam,MERIGA MURALIDHAR,Yuvajana Sramika Rythu Congress Party,21192,Result Declared
Andhra Pradesh,Guntakal,150,GUMMANUR JAYARAM,Telugu Desam,Y. VENKATA RAMA REDDY,Yuvajana Sramika Rythu Congress Party,6826,Result Declared
Andhra Pradesh,Guntur East,95,MOHAMMED NASEER AHMED,Telugu Desam,NOORI FATHIMA SHAIK,Yuvajana Sramika Rythu Congress Party,31962,Result Declared
Andhra Pradesh,Guntur West,94,GALLA MADHAVI,Telugu Desam,RAJINI VIDADALA,Yuvajana Sramika Rythu Congress Party,51150,Result Declared
Andhra Pradesh,Gurajala,100,YARAPATHINENI SRINIVASA RAO,Telugu Desam,KASU MAHESH REDDY,Yuvajana Sramika Rythu Congress Party,29486,Result Declared
Andhra Pradesh,Hindupur,157,NANDAMURI BALAKRISHNA,Telugu Desam,DEEPIKA T N,Yuvajana Sramika Rythu Congress Party,32597,Result Declared
Andhra Pradesh,Ichchapuram,1,ASHOK BENDALAM,Telugu Desam,PIRIYA VIJAYA,Yuvajana Sramika Rythu Congress Party,39783,Result Declared
Andhra Pradesh,Jaggampeta,52,JYOTHULA NEHRU,Telugu Desam,THOTA NARASIMHAM,Yuvajana Sramika Rythu Congress Party,52676,Result Declared
Andhra Pradesh,Jaggayyapeta,84,RAJAGOPAL SREERAM (TATAIAH),Telugu Desam,UDAYA BHANU SAMINENI,Yuvajana Sramika Rythu Congress Party,15977,Result Declared
Andhra Pradesh,Jammalamadugu,131,ADINARAYANA REDDY CHADIPIRALA,Bharatiya Janata Party,MULE SUDHEER REDDY,Yuvajana Sramika Rythu Congress Party,17191,Result Declared
Andhra Pradesh,Kadapa,126,MADHAVI REDDAPPA GARI,Telugu Desam,AMZATH BASHA SHAIK BEPARI,Yuvajana Sramika Rythu Congress Party,18860,Result Declared
Andhra Pradesh,Kadiri,161,KANDIKUNTA VENKATA PRASAD,Telugu Desam,MAQBOOL B.S.,Yuvajana Sramika Rythu Congress Party,6265,Result Declared
Andhra Pradesh,Kaikalur,73,KAMINENI SRINIVAS,Bharatiya Janata Party,DULAM NAGESWARA RAO,Yuvajana Sramika Rythu Congress Party,45273,Result Declared
Andhra Pradesh,Kakinada City,41,VANAMADI VENKATESWARA RAO @ KONDABABU,Telugu Desam,DWARAMPUDI CHANDRASEKHARA REDDY,Yuvajana Sramika Rythu Congress Party,56572,Result Declared
Andhra Pradesh,Kakinada Rural,38,PANTAM VENKATESWARA RAO (PANTAM NANAJI),Janasena Party,KURASALA KANNA BABU,Yuvajana Sramika Rythu Congress Party,72040,Result Declared
Andhra Pradesh,Kalyandurg,154,AMILINENI SURENDRA BABU,Telugu Desam,TALARI RANGAIAH,Yuvajana Sramika Rythu Congress Party,37734,Result Declared
Andhra Pradesh,Kamalapuram,130,KRISHNA CHAITANYA REDDY PUTHA,Telugu Desam,POCHIMAREDDY RAVINDRANATH REDDY,Yuvajana Sramika Rythu Congress Party,25357,Result Declared
Andhra Pradesh,Kandukur,109,INTURI NAGESWARA RAO,Telugu Desam,MADHU SUDHANRAO BURRA,Yuvajana Sramika Rythu Congress Party,18558,Result Declared
Andhra Pradesh,Kanigiri,113,DR. UGRA NARASIMHA REDDY MUKKU,Telugu Desam,DADDALA NARAYANA,Yuvajana Sramika Rythu Congress Party,14604,Result Declared
Andhra Pradesh,Kavali,114,DAGUMATI VENKATA KRISHNA REDDY,Telugu Desam,RAMIREDDY PRATAP KUMAR REDDY,Yuvajana Sramika Rythu Congress Party,30948,Result Declared
Andhra Pradesh,Kodumur (SC),143,BOGGULA DASTAGIRI,Telugu Desam,AUDIMULAPU SATHISH,Yuvajana Sramika Rythu Congress Party,21583,Result Declared
Andhra Pradesh,Kodur (SC),127,ARAVA SREEDHAR,Janasena Party,KORAMUTLA SREENIVASULU,Yuvajana Sramika Rythu Congress Party,11101,Result Declared
Andhra Pradesh,Kondapi (SC),110,DOCTOR DOLA SREE BALA VEERANJANEYA SWAMY,Telugu Desam,AUDIMULAPU SURESH,Yuvajana Sramika Rythu Congress Party,24756,Result Declared
Andhra Pradesh,Kothapeta,47,BANDARU SATYANANDA RAO,Telugu Desam,CHIRLA JAGGIREDDY,Yuvajana Sramika Rythu Congress Party,56479,Result Declared
Andhra Pradesh,Kovur,116,PRASHANTHI REDDY VEMIREDDY,Telugu Desam,NALLAPAREDDY PRASANNA KUMAR REDDY,Yuvajana Sramika Rythu Congress Party,54583,Result Declared
Andhra Pradesh,Kovvur,54,MUPPIDI VENKATESWARA RAO,Telugu Desam,TALARI VENKATA RAO,Yuvajana Sramika Rythu Congress Party,33946,Result Declared
Andhra Pradesh,Kuppam,175,CHANDRABABU NAIDU NARA,Telugu Desam,K.R.J. BHARATH,Yuvajana Sramika Rythu Congress Party,48006,Result Declared
Andhra Pradesh,Kurnool,137,T.G.BHARATH,Telugu Desam,"A. MD. IMTIAZ I.A.S., (RETD)",Yuvajana Sramika Rythu Congress Party,18876,Result Declared
Andhra Pradesh,Kurupam,11,JAGADEESWARI THOYAKA,Telugu Desam,PAMULA PUSHPA SREEVANI,Yuvajana Sramika Rythu Congress Party,23500,Result Declared
Andhra Pradesh,Macherla,101,JULAKANTI BRAHMANANDA REDDY,Telugu Desam,RAMAKRISHNAREDDY. PINNELLI,Yuvajana Sramika Rythu Congress Party,33318,Result Declared
Andhra Pradesh,Machilipatnam,75,KOLLU. RAVINDRA,Telugu Desam,PERNI KRISHNAMURTHY (KITTU),Yuvajana Sramika Rythu Congress Party,50242,Result Declared
Andhra Pradesh,Madakasira (SC),156,M.S.RAJU,Telugu Desam,IRALAKKAPPA.S.L,Yuvajana Sramika Rythu Congress Party,351,Result Declared
Andhra Pradesh,Madanapalle,164,M.SHAJAHAN BASHA,Telugu Desam,S.NISAR AHAMAD,Yuvajana Sramika Rythu Congress Party,5509,Result Declared
Andhra Pradesh,Madugula,27,BANDARU SATYANARAYANA MURTHY,Telugu Desam,ANURADHA ERLI,Yuvajana Sramika Rythu Congress Party,28026,Result Declared
Andhra Pradesh,Mandapeta,48,JOGESWARA RAO.V,Telugu Desam,THOTA TRIMURTHULU,Yuvajana Sramika Rythu Congress Party,44435,Result Declared
Andhra Pradesh,Mangalagiri,87,NARA LOKESH,Telugu Desam,MURUGUDU LAVANYA,Yuvajana Sramika Rythu Congress Party,91413,Result Declared
Andhra Pradesh,Mantralayam,145,Y. BALANAGI REDDY,Yuvajana Sramika Rythu Congress Party,N. RAGHAVENDRA REDDY,Telugu Desam,12805,Result Declared
Andhra Pradesh,Markapuram,111,KANDULA NARAYANA REDDY,Telugu Desam,ANNA RAMBABU,Yuvajana Sramika Rythu Congress Party,13979,Result Declared
Andhra Pradesh,Mummidivaram,43,DATLA SUBBARAJU (BUCHIBABU),Telugu Desam,PONNADA VENKATA SATISH KUMAR,Yuvajana Sramika Rythu Congress Party,38736,Result Declared
Andhra Pradesh,Mydukur,133,SUDHAKAR PUTTA,Telugu Desam,RAGHURAMI REDDY SETTIPALLY,Yuvajana Sramika Rythu Congress Party,20950,Result Declared
Andhra Pradesh,Mylavaram,82,VASANTHA VENKATA KRISHNA PRASAD,Telugu Desam,TIRAPATHIRAO SARNALA,Yuvajana Sramika Rythu Congress Party,42829,Result Declared
Andhra Pradesh,Nagari,170,GALI BHANU PRAKASH,Telugu Desam,R.K. ROJA,Yuvajana Sramika Rythu Congress Party,45004,Result Declared
Andhra Pradesh,Nandigama (SC),83,TANGIRALA SOWMYA,Telugu Desam,MONDITOKA JAGAN MOHAN RAO,Yuvajana Sramika Rythu Congress Party,27395,Result Declared
Andhra Pradesh,Nandikotkur (SC),136,G JAYASURYA,Telugu Desam,DARA SUDHEER,Yuvajana Sramika Rythu Congress Party,9792,Result Declared
Andhra Pradesh,Nandyal,139,NASYAM MOHAMMED FAROOK,Telugu Desam,SILPA RAVI CHANDRA KISHORE REDDY,Yuvajana Sramika Rythu Congress Party,12333,Result Declared
Andhra Pradesh,Narasannapeta,8,BAGGU RAMANAMURTHY,Telugu Desam,KRISHNADAS DHARMANA,Yuvajana Sramika Rythu Congress Party,29371,Result Declared
Andhra Pradesh,Narasapuram,58,BOMMIDI NARAYANA NAYAKAR,Janasena Party,NAGARAJA VARA PRASADA RAJU MUDUNURI,Yuvajana Sramika Rythu Congress Party,49738,Result Declared
Andhra Pradesh,Narasaraopet,97,ARAVINDA BABU CHADALAVADA,Telugu Desam,GOPIREDDY SRINIVASA REDDY,Yuvajana Sramika Rythu Congress Party,19705,Result Declared
Andhra Pradesh,Narsipatnam,34,AYYANNAPATRUDU CHINTAKAYALA,Telugu Desam,UMA SANKARA GANESH PETLA,Yuvajana Sramika Rythu Congress Party,24676,Result Declared
Andhra Pradesh,Nellimarla,17,LOKAM NAGA MADHAVI,Janasena Party,APPALANAIDU BADDUKONDA,Yuvajana Sramika Rythu Congress Party,39829,Result Declared
Andhra Pradesh,Nellore City,117,NARAYANA PONGURU,Telugu Desam,KHALEEL AHAMAD MD,Yuvajana Sramika Rythu Congress Party,72489,Result Declared
Andhra Pradesh,Nellore Rural,118,KOTAMREDDY SRIDHAR REDDY,Telugu Desam,ADALA PRABHAKARA REDDY,Yuvajana Sramika Rythu Congress Party,34480,Result Declared
Andhra Pradesh,Nidadavole,55,KANDULA DURGESH,Janasena Party,G.SRINIVAS NAIDU,Yuvajana Sramika Rythu Congress Party,33304,Result Declared
Andhra Pradesh,Nuzvid,70,KOLUSU PARTHA SARATHY,Telugu Desam,MEKA VENKATA PRATAP APPARAO,Yuvajana Sramika Rythu Congress Party,12378,Result Declared
Andhra Pradesh,Ongole,108,DAMACHARLA JANARDHANA RAO,Telugu Desam,BALINENI SRINIVASA REDDY,Yuvajana Sramika Rythu Congress Party,34026,Result Declared
Andhra Pradesh,Paderu,29,MATSYARASA VISWESWARA RAJU,Yuvajana Sramika Rythu Congress Party,ESWARI GIDDI,Telugu Desam,19338,Result Declared
Andhra Pradesh,Palacole,57,DR.NIMMALA RAMANAIDU,Telugu Desam,GUDALA SRI HARI GOPALA RAO (GUDALA GOPI),Yuvajana Sramika Rythu Congress Party,67945,Result Declared
Andhra Pradesh,Palakonda,10,JAYAKRISHNA NIMMAKA,Janasena Party,VISWASARAYI KALAVATHI,Yuvajana Sramika Rythu Congress Party,13291,Result Declared
Andhra Pradesh,Palamaner,174,AMARANATHA REDDY. N,Telugu Desam,VENKATE GOWDA. N,Yuvajana Sramika Rythu Congress Party,20122,Result Declared
Andhra Pradesh,Palasa,2,GOUTHU SIREESHA,Telugu Desam,APPALARAJU SEEDIRI,Yuvajana Sramika Rythu Congress Party,40350,Result Declared
Andhra Pradesh,Pamarru (SC),77,KUMAR RAJA VARLA,Telugu Desam,ANIL KUMAR KAILE,Yuvajana Sramika Rythu Congress Party,29690,Result Declared
Andhra Pradesh,Panyam,138,GOWRU CHARITHA REDDY,Telugu Desam,KATASANI RAMABHUPAL REDDY,Yuvajana Sramika Rythu Congress Party,40591,Result Declared
Andhra Pradesh,Parchur,104,YELURI SAMBASIVA RAO,Telugu Desam,YADAM BALAJI,Yuvajana Sramika Rythu Congress Party,24013,Result Declared
Andhra Pradesh,Parvathipuram,12,BONELA VIJAYA CHANDRA,Telugu Desam,ALAJANGI JOGARAO,Yuvajana Sramika Rythu Congress Party,24414,Result Declared
Andhra Pradesh,Pathapatnam,4,MAMIDI GOVINDA RAO,Telugu Desam,REDDY SHANTHI,Yuvajana Sramika Rythu Congress Party,26527,Result Declared
Andhra Pradesh,Pattikonda,142,K.E. SHYAM KUMAR,Telugu Desam,KANGATI SREEDEVI,Yuvajana Sramika Rythu Congress Party,14211,Result Declared
Andhra Pradesh,Payakaraopet,33,ANITHA VANGALAPUDI,Telugu Desam,JOGULU KAMBALA,Yuvajana Sramika Rythu Congress Party,43727,Result Declared
Andhra Pradesh,Pedakurapadu,85,BHASHYAM PRAVEEN,Telugu Desam,NAMBURU SANKARA RAO,Yuvajana Sramika Rythu Congress Party,21089,Result Declared
Andhra Pradesh,Pedana,74,KAGITHA KRISHNAPRASAD,Telugu Desam,UPPALA RAMESH(RAMU),Yuvajana Sramika Rythu Congress Party,38123,Result Declared
Andhra Pradesh,Peddapuram,39,CHINA RAJAPPA NIMMAKAYALA,Telugu Desam,DAVULURI DORABABU,Yuvajana Sramika Rythu Congress Party,40451,Result Declared
Andhra Pradesh,Penamaluru,78,BODE PRASAD,Telugu Desam,JOGI RAMESH,Yuvajana Sramika Rythu Congress Party,59915,Result Declared
Andhra Pradesh,Pendurthi,31,PANCHAKARLA RAMESH BABU,Janasena Party,ANNAMREDDY ADEEP RAJ,Yuvajana Sramika Rythu Congress Party,81870,Result Declared
Andhra Pradesh,Penukonda,158,S. SAVITHA,Telugu Desam,K.V. USHA SHRICHARAN,Yuvajana Sramika Rythu Congress Party,33388,Result Declared
Andhra Pradesh,Pileru,163,NALLARI KISHAN KUMAR REDDY,Telugu Desam,CHINTHALA RAMACHANDRA REDDY,Yuvajana Sramika Rythu Congress Party,25081,Result Declared
Andhra Pradesh,Pithapuram,37,KONIDALA PAWAN KALYAN,Janasena Party,VANGA GEETHA VISWANATH,Yuvajana Sramika Rythu Congress Party,70279,Result Declared
Andhra Pradesh,Polavaram,67,CHIRRI BALARAJU,Janasena Party,TELLAM RAJYA LAKSHMI,Yuvajana Sramika Rythu Congress Party,7935,Result Declared
Andhra Pradesh,Ponnur,88,DHULIPALLA NARENDRA KUMAR,Telugu Desam,AMBATI MURALI KRISHNA,Yuvajana Sramika Rythu Congress Party,32915,Result Declared
Andhra Pradesh,Prathipadu,36,VARUPULA SATYA PRABHA,Telugu Desam,VARUPULA SUBBARAO,Yuvajana Sramika Rythu Congress Party,38768,Result Declared
Andhra Pradesh,Prathipadu (SC),93,BURLA RAMANJANEYULU,Telugu Desam,BALASANI KIRAN KUMAR,Yuvajana Sramika Rythu Congress Party,42015,Result Declared
Andhra Pradesh,Proddatur,132,NANDYALA VARADA RAJULA REDDY,Telugu Desam,RACHAMALLU SIVA PRASAD REDDY,Yuvajana Sramika Rythu Congress Party,22744,Result Declared
Andhra Pradesh,Pulivendla,129,YS JAGAN MOHAN REDDY,Yuvajana Sramika Rythu Congress Party,B.TECH RAVI,Telugu Desam,61687,Result Declared
Andhra Pradesh,Punganur,165,PEDDIREDDI RAMACHANDRA REDDY,Yuvajana Sramika Rythu Congress Party,CHALLA RAMACHANDRA REDDY,Telugu Desam,6095,Result Declared
Andhra Pradesh,Puthalapattu (SC),173,K MURALI MOHAN,Telugu Desam,M SUNEEL KUMAR,Yuvajana Sramika Rythu Congress Party,15634,Result Declared
Andhra Pradesh,Puttaparthi,159,PALLE SINDHURA REDDY,Telugu Desam,DUDDUKUNTA SREEDHAR REDDY,Yuvajana Sramika Rythu Congress Party,8760,Result Declared
Andhra Pradesh,Rajahmundry City,50,ADIREDDY SRINIVAS,Telugu Desam,MARGANI BHARAT RAM,Yuvajana Sramika Rythu Congress Party,71404,Result Declared
Andhra Pradesh,Rajahmundry Rural,51,GORANTLA BUTCHAIAH CHOUDARY,Telugu Desam,GOPALAKRISHNA CHELLUBOYINA(VENU),Yuvajana Sramika Rythu Congress Party,64090,Result Declared
Andhra Pradesh,Rajam,9,KONDRU MURALI MOHAN,Telugu Desam,DR. TALE RAJESH,Yuvajana Sramika Rythu Congress Party,20722,Result Declared
Andhra Pradesh,Rajampet,125,AKEPATI AMARNATH REDDY,Yuvajana Sramika Rythu Congress Party,BALA SUBRAMANYAM SUGAVASI,Telugu Desam,7016,Result Declared
Andhra Pradesh,Rajanagaram,49,BATHULA BALARAMAKRISHNA S/O GANGARAO,Janasena Party,JAKKAMPUDI RAJA,Yuvajana Sramika Rythu Congress Party,34049,Result Declared
Andhra Pradesh,Ramachandrapuram,42,VASAMSETTI. SUBASH,Telugu Desam,PILLI SURYA PRAKASH,Yuvajana Sramika Rythu Congress Party,26291,Result Declared
Andhra Pradesh,Rampachodavaram,53,MIRIYALA SIRISHA DEVI,Telugu Desam,NAGULAPALLI DHANALAKSHMI,Yuvajana Sramika Rythu Congress Party,9139,Result Declared
Andhra Pradesh,Raptadu,155,PARITALA SUNITHAMMA,Telugu Desam,THOPUDURTHI PRAKASH REDDY,Yuvajana Sramika Rythu Congress Party,23329,Result Declared
Andhra Pradesh,Rayachoti,128,MANDIPALLI RAMPRASAD REDDY,Telugu Desam,GADIKOTA SRIKANTH REDDY,Yuvajana Sramika Rythu Congress Party,2495,Result Declared
Andhra Pradesh,Rayadurg,148,KALAVA SRINIVASULU,Telugu Desam,METTU GOVINDA REDDY,Yuvajana Sramika Rythu Congress Party,41659,Result Declared
Andhra Pradesh,Razole,45,DEVA VARAPRASAD,Janasena Party,GOLLAPALLI SURYA RAO,Yuvajana Sramika Rythu Congress Party,39011,Result Declared
Andhra Pradesh,Repalle,90,ANAGANI SATYA PRASAD,Telugu Desam,EVURU GANESH,Yuvajana Sramika Rythu Congress Party,39947,Result Declared
Andhra Pradesh,Salur,13,GUMMIDI SANDHYARANI,Telugu Desam,RAJANNA DORA PEEDIKA,Yuvajana Sramika Rythu Congress Party,13733,Result Declared
Andhra Pradesh,Santhanuthalapadu (SC),107,VIJAY KUMAR B.N,Telugu Desam,NAGARJUNA MERUGU,Yuvajana Sramika Rythu Congress Party,30385,Result Declared
Andhra Pradesh,Sarvepalli,119,CHANDRA MOHAN REDDY SOMIREDDY,Telugu Desam,KAKANI GOVARDHAN REDDY,Yuvajana Sramika Rythu Congress Party,16288,Result Declared
Andhra Pradesh,Sattenapalle,98,KANNA LAKSHMINARAYANA,Telugu Desam,AMBATI RAMBABU,Yuvajana Sramika Rythu Congress Party,27836,Result Declared
Andhra Pradesh,Satyavedu,169,KONETI ADIMULAM,Telugu Desam,NUKATHOTI RAJESH,Yuvajana Sramika Rythu Congress Party,3739,Result Declared
Andhra Pradesh,Singanamala (SC),152,BANDARU SRAVANI SREE,Telugu Desam,M.VEERANJANEYULU,Yuvajana Sramika Rythu Congress Party,8788,Result Declared
Andhra Pradesh,Srikakulam,5,GONDU SHANKAR,Telugu Desam,DHARMANA PRASADA RAO,Yuvajana Sramika Rythu Congress Party,52521,Result Declared
Andhra Pradesh,Srikalahasti,168,BOJJALA VENKATA SUDHIR REDDY,Telugu Desam,BIYYAPU MADHUSUDHAN REDDY,Yuvajana Sramika Rythu Congress Party,43304,Result Declared
Andhra Pradesh,Srisailam,135,BUDDA RAJASEKHARA REDDY,Telugu Desam,SILPA CHAKRAPANI REDDY,Yuvajana Sramika Rythu Congress Party,6385,Result Declared
Andhra Pradesh,Srungavarapukota,19,KOLLA LALITHA KUMARI,Telugu Desam,KADUBANDI SRINIVASA RAO,Yuvajana Sramika Rythu Congress Party,38790,Result Declared
Andhra Pradesh,Sullurpeta,121,NELAVALA VIJAYASREE,Telugu Desam,KILIVETI SANJEEVAIAH,Yuvajana Sramika Rythu Congress Party,29115,Result Declared
Andhra Pradesh,Tadepalligudem,62,BOLISETTY SRINIVAS,Janasena Party,KOTTU SATYANARAYANA,Yuvajana Sramika Rythu Congress Party,62492,Result Declared
Andhra Pradesh,Tadikonda (SC),86,TENALI SRAVAN KUMAR,Telugu Desam,SUCHARITHA MEKATHOTI,Yuvajana Sramika Rythu Congress Party,39606,Result Declared
Andhra Pradesh,Tadpatri,151,ASHMIT REDDY J.C,Telugu Desam,KETHIREDDY PEDDAREDDY,Yuvajana Sramika Rythu Congress Party,27731,Result Declared
Andhra Pradesh,Tanuku,61,ARIMILLI RADHA KRISHNA,Telugu Desam,KARUMURI VENKATA NAGESWARA RAO,Yuvajana Sramika Rythu Congress Party,72121,Result Declared
Andhra Pradesh,Tekkali,3,ATCHANNAIDU KINJARAPU,Telugu Desam,DUVVADA SRINIVAS,Yuvajana Sramika Rythu Congress Party,34435,Result Declared
Andhra Pradesh,Tenali,91,NADENDLA MANOHAR,Janasena Party,ANNABATHUNI SIVAKUMAR,Yuvajana Sramika Rythu Congress Party,48112,Result Declared
Andhra Pradesh,Thamballapalle,162,P. DWARAKANATHA REDDY,Yuvajana Sramika Rythu Congress Party,D. JAYACHANDRA REDDY,Telugu Desam,10103,Result Declared
Andhra Pradesh,Tirupati,167,ARANII SRENEVASULU,Janasena Party,BHUMANA ABHINAY,Yuvajana Sramika Rythu Congress Party,61956,Result Declared
Andhra Pradesh,Tiruvuru (SC),69,KOLIKAPUDI SRINIVASA RAO,Telugu Desam,NALLAGATLA SWAMY DAS,Yuvajana Sramika Rythu Congress Party,21874,Result Declared
Andhra Pradesh,Tuni,35,DIVYA YANAMALA,Telugu Desam,DADISETTI RAJA,Yuvajana Sramika Rythu Congress Party,15177,Result Declared
Andhra Pradesh,Udayagiri,123,KAKARLA SURESH,Telugu Desam,MEKAPATI RAJAGOPAL REDDY,Yuvajana Sramika Rythu Congress Party,9621,Result Declared
Andhra Pradesh,Undi,60,KANUMURU RAGHU RAMA KRISHNA RAJU (R R R),Telugu Desam,PENMETSA VENKATA LAKSHMI NARASIMHA RAJU (P.V.L),Yuvajana Sramika Rythu Congress Party,56777,Result Declared
Andhra Pradesh,Ungutur,63,DHARMARAJU PATSAMATLA,Janasena Party,PUPPALA SRINIVASA RAO (VASU BABU),Yuvajana Sramika Rythu Congress Party,44945,Result Declared
Andhra Pradesh,Uravakonda,149,PAYYAVULA KESHAV,Telugu Desam,Y. VISWESWARA REDDY,Yuvajana Sramika Rythu Congress Party,21704,Result Declared
Andhra Pradesh,Vemuru (SC),89,ANANDA BABU NAKKA,Telugu Desam,ASHOK BABU VARIKUTI,Yuvajana Sramika Rythu Congress Party,22021,Result Declared
Andhra Pradesh,Venkatagiri,122,KURUGONDLA RAMAKRISHNA,Telugu Desam,NEDURUMALLI RAM KUMAR REDDY,Yuvajana Sramika Rythu Congress Party,16294,Result Declared
Andhra Pradesh,Vijayawada Central,80,BONDA UMAMAHESWARARAO,Telugu Desam,VELAMPALLI SRINIVASA RAO,Yuvajana Sramika Rythu Congress Party,68886,Result Declared
Andhra Pradesh,Vijayawada East,81,GADDE RAMA MOHAN,Telugu Desam,AVINASH DEVINENI,Yuvajana Sramika Rythu Congress Party,49640,Result Declared
Andhra Pradesh,Vijayawada West,79,YALAMANCHILI SATYANARAYANA CHOWDARY (SUJANA CHOWDARY),Bharatiya Janata Party,ASIF SHAIK,Yuvajana Sramika Rythu Congress Party,47032,Result Declared
Andhra Pradesh,Vinukonda,99,GONUGUNTLA VENKATA SIVA SITA RAMA ANZANNEYLLU,Telugu Desam,BOLLA BRAHMA NAIDU,Yuvajana Sramika Rythu Congress Party,30267,Result Declared
Andhra Pradesh,Visakhapatnam East,21,RAMAKRISHNA BABU VELAGAPUDI,Telugu Desam,M V V SATYANARAYANA,Yuvajana Sramika Rythu Congress Party,70877,Result Declared
Andhra Pradesh,Visakhapatnam North,23,VISHNU KUMAR RAJU PENMETSA,Bharatiya Janata Party,KANNAPARAJU KAMMILA (K.K. RAJU),Yuvajana Sramika Rythu Congress Party,47534,Result Declared
Andhra Pradesh,Visakhapatnam South,22,CH.VAMSI KRISHNA SRINIVAS,Janasena Party,GANESH KUMAR VASUPALLI,Yuvajana Sramika Rythu Congress Party,64594,Result Declared
Andhra Pradesh,Visakhapatnam West,24,P.G.V.R.NAIDU(GANABABU),Telugu Desam,ADARI ANAND KUMAR,Yuvajana Sramika Rythu Congress Party,35184,Result Declared
Andhra Pradesh,Vizianagaram,18,ADITI VIJAYALAKSHMI GAJAPATHI RAJU PUSAPATI,Telugu Desam,KOLAGATLA VEERABHADRA SWAMY,Yuvajana Sramika Rythu Congress Party,60609,Result Declared
Andhra Pradesh,Yelamanchili,32,SUNDARAPU VIJAY KUMAR,Janasena Party,UPPALAPATI VENKATA RAMANAMURTHY RAJU,Yuvajana Sramika Rythu Congress Party,48956,Result Declared
Andhra Pradesh,Yemmiganur,144,B. JAYANAGESWARA REDDY,Telugu Desam,BUTTA RENUKA,Yuvajana Sramika Rythu Congress Party,15837,Result Declared
Andhra Pradesh,Yerragondapalem (SC),102,CHANDRA SEKHAR TATIPARTHI,Yuvajana Sramika Rythu Congress Party,ERIXION BABU GUDURI,Telugu Desam,5200,Result Declared
Odisha,Anandapur,22,ABHIMANYU SETHI,Biju Janata Dal,JAYADEV JENA,Indian National Congress,10966,Result Declared
Odisha,Angul,61,PRATAP CHANDRA PRADHAN,Bharatiya Janata Party,SANJUKTA SINGH,Biju Janata Dal,17433,Result Declared
Odisha,Aska,128,SAROJ KUMAR PADHI,Bharatiya Janata Party,MANJULA SWAIN,Biju Janata Dal,8059,Result Declared
Odisha,Athagarh,89,RANENDRA PRATAP SWAIN,Biju Janata Dal,ABHAYA KUMAR BARIK,Bharatiya Janata Party,3584,Result Declared
Odisha,Athamallik,63,NALINI KANTA PRADHAN,Biju Janata Dal,SANJEEB KUMAR SAHOO,Bharatiya Janata Party,16153,Result Declared
Odisha,Attabira,4,NIHAR RANJAN MAHANAND,Bharatiya Janata Party,SNEHANGINI CHHURIA,Biju Janata Dal,28910,Result Declared
Odisha,Aul,98,PRATAP KESHARI DEB,Biju Janata Dal,DEBASMITA SHARMA,Indian National Congress,19628,Result Declared
Odisha,Badasahi,32,SANATAN BIJULI,Bharatiya Janata Party,ANASUYA PATRA,Biju Janata Dal,37387,Result Declared
Odisha,Balasore,38,MANAS KUMAR DUTTA,Bharatiya Janata Party,SWARUP KUMAR DAS,Biju Janata Dal,28626,Result Declared
Odisha,Baliguda,82,CHAKRAMANI KANHAR,Biju Janata Dal,UPENDRA PRADHAN,Indian National Congress,1671,Result Declared
Odisha,Balikuda-Erasama,103,SARADA PRASANNA JENA,Biju Janata Dal,SATYA SARATHI MOHANTY,Bharatiya Janata Party,25959,Result Declared
Odisha,Bangriposi,29,SANJALI MURMU,Bharatiya Janata Party,RANJITA MARNDI,Biju Janata Dal,34476,Result Declared
Odisha,Banki,88,DEVI RANJAN TRIPATHY,Biju Janata Dal,TUSARA KANTA CHAKRABARTY,Bharatiya Janata Party,17026,Result Declared
Odisha,Barabati-Cuttack,90,SOFIA FIRDOUS,Indian National Congress,PURNA CHANDRA MAHAPATRA,Bharatiya Janata Party,8001,Result Declared
Odisha,Barachana,50,AMAR KUMAR NAYAK,Bharatiya Janata Party,VARSHA PRIYADARSHINI,Biju Janata Dal,6310,Result Declared
Odisha,Baramba,87,BIJAYA KUMAR DALABEHERA,Independent,DEBIPRASAD MISHRA,Biju Janata Dal,23479,Result Declared
Odisha,Bargarh,3,ASHWINI KUMAR SARANGI,Bharatiya Janata Party,DEBESH ACHARYA,Biju Janata Dal,4772,Result Declared
Odisha,Bari,49,BISWA RANJAN MALLICK,Biju Janata Dal,UMESH CHANDRA JENA,Bharatiya Janata Party,51465,Result Declared
Odisha,Baripada,33,PRAKASH SOREN,Bharatiya Janata Party,SANANDA MARNDI,Biju Janata Dal,29385,Result Declared
Odisha,Basta,37,SUBASINI JENA,Biju Janata Dal,BIJAN NAYAK,Indian National Congress,20377,Result Declared
Odisha,Basudevpur,45,ASHOK KUMAR DAS,Indian National Congress,BISHNUBRATA ROUTRAY,Biju Janata Dal,631,Result Declared
Odisha,Begunia,116,PRADIP KUMAR SAHU S/O-LAXMIDHAR SAHU,Biju Janata Dal,PRAKASHA CHANDRA BIJULI,Bharatiya Janata Party,47814,Result Declared
Odisha,Berhampur,133,K. ANIL KUMAR,Bharatiya Janata Party,DR. RAMESH CHANDRA CHYAU PATNAIK,Biju Janata Dal,18709,Result Declared
Odisha,Bhadrak,44,SITANSU SEKHAR MOHAPATRA,Bharatiya Janata Party,PRAFULLA SAMAL,Biju Janata Dal,16068,Result Declared
Odisha,Bhandaripokhari,43,SANJIB KUMAR MALLICK,Biju Janata Dal,NIRANJAN PATNAIK,Indian National Congress,1551,Result Declared
Odisha,Bhanjanagar,123,PRADYUMNA KUMAR NAYAK,Bharatiya Janata Party,BIKRAM KESHARI ARUKHA,Biju Janata Dal,16324,Result Declared
Odisha,Bhatli,5,IRASIS ACHARYA,Bharatiya Janata Party,SUSANTA SINGH,Biju Janata Dal,27892,Result Declared
Odisha,Bhawanipatna,80,SAGAR CHARAN DAS,Indian National Congress,PRADIPTA KUMAR NAIK,Bharatiya Janata Party,13741,Result Declared
Odisha,Bhograi,36,GOUTAM BUDDHA DAS,Biju Janata Dal,SATYA SHIBA DAS,Indian National Congress,6564,Result Declared
Odisha,Bhubaneswar Central,112,ANANTA NARAYAN JENA,Biju Janata Dal,JAGANNATH PRADHAN,Bharatiya Janata Party,37,Result Declared
Odisha,Bhubaneswar North,113,SUSANT KUMAR ROUT,Biju Janata Dal,PRIYADARSHI MISHRA,Bharatiya Janata Party,11343,Result Declared
Odisha,Bijepur,2,SANAT KUMAR GARTIA,Bharatiya Janata Party,RITA SAHU,Biju Janata Dal,10066,Result Declared
Odisha,Binjharpur,48,PRAMILA MALLIK,Biju Janata Dal,BABITA MALLICK,Bharatiya Janata Party,2856,Result Declared
Odisha,Biramitrapur,10,ROHIT JOSEPH TIRKEY,Biju Janata Dal,SHANKAR ORAM,Bharatiya Janata Party,6884,Result Declared
Odisha,Birmaharajpur,64,RAGHUNATH JAGADALA,Bharatiya Janata Party,PADMANABHA BEHERA,Biju Janata Dal,21946,Result Declared
Odisha,Bissam Cuttack,139,NILAMADHAB HIKAKA,Indian National Congress,JAGANNATH SARAKA,Biju Janata Dal,9403,Result Declared
Odisha,Bolangir,68,KALIKESH NARAYAN SINGH DEO,Biju Janata Dal,SAMARENDRA MISHRA,Indian National Congress,13409,Result Declared
Odisha,Bonai,14,LAXMAN MUNDA,Communist Party of India (Marxist),BHIMSEN CHOUDHURY,Biju Janata Dal,23439,Result Declared
Odisha,Boudh,86,SAROJ KUMAR PRADHAN,Bharatiya Janata Party,PRADIP KUMAR AMAT,Biju Janata Dal,2765,Result Declared
Odisha,Brahmagiri,108,UPASNA MOHAPATRA,Bharatiya Janata Party,UMAKANTA SAMANTARAY,Biju Janata Dal,9830,Result Declared
Odisha,Brajarajnagar,6,SURESH PUJARI,Bharatiya Janata Party,ALAKA MOHANTY,Biju Janata Dal,26789,Result Declared
Odisha,Champua,25,SANATAN MAHAKUD,Biju Janata Dal,MURALI MANOHAR SHARMA,Bharatiya Janata Party,39994,Result Declared
Odisha,Chandabali,47,BYOMAKESH RAY,Biju Janata Dal,MANMOHAN SAMAL,Bharatiya Janata Party,1916,Result Declared
Odisha,Chhatrapur,127,KRUSHNA CHANDRA NAYAK,Bharatiya Janata Party,SUBASH CHANDRA BEHERA,Biju Janata Dal,11438,Result Declared
Odisha,Chhendipada,62,AGASTI BEHERA,Bharatiya Janata Party,SUSANTA KUMAR BEHERA,Biju Janata Dal,15063,Result Declared
Odisha,Chikiti,135,MANORANJAN DYAN SAMANTARA,Bharatiya Janata Party,CHINMAYANANDA SRIRUP DEB,Biju Janata Dal,6522,Result Declared
Odisha,Chilika,118,PRITHIVIRAJ HARICHANDAN,Bharatiya Janata Party,RAGHUNATH SAHU,Biju Janata Dal,4566,Result Declared
Odisha,Chitrakonda,147,MANGU KHILLA,Indian National Congress,DAMBARU SISA,Bharatiya Janata Party,9159,Result Declared
Odisha,Choudwar-Cuttack,91,SOUVIC BISWAL,Biju Janata Dal,NAYAN KISHORE MOHANTY,Bharatiya Janata Party,17816,Result Declared
Odisha,Cuttack Sadar,93,PRAKASH CHANDRA SETHI,Bharatiya Janata Party,CHANDRA SARATHI BEHERA,Biju Janata Dal,3809,Result Declared
Odisha,Dabugam,76,MANOHAR RANDHARI,Biju Janata Dal,LIPIKA MAJHI,Indian National Congress,21455,Result Declared
Odisha,Daspalla,121,RAMESH CHANDRA BEHERA,Biju Janata Dal,RAGHAB MALIK,Bharatiya Janata Party,6296,Result Declared
Odisha,Deogarh,19,ROMANCHA RANJAN BISWAL,Biju Janata Dal,SUBASH CHANDRA PANIGRAHI,Bharatiya Janata Party,15792,Result Declared
Odisha,Dhamnagar,46,SURYABANSHI SURAJ STHITAPRAJNA,Bharatiya Janata Party,SANJAYA KUMAR DAS,Biju Janata Dal,8095,Result Declared
Odisha,Dharamgarh,79,SUDHIR RANJAN PATTJOSHI,Bharatiya Janata Party,PUSPENDRA SINGH DEO,Biju Janata Dal,18927,Result Declared
Odisha,Dharmasala,51,HIMANSHU SEKHAR SAHOO F-LATE RAMESH CHANDRA SAHOO,Independent,PRANAB KUMAR BALABANTARAY,Biju Janata Dal,4150,Result Declared
Odisha,Dhenkanal,55,KRUSHNA CHANDRA PATRA,Bharatiya Janata Party,SUDHIR KUMAR SAMAL,Biju Janata Dal,20439,Result Declared
Odisha,Digapahandi,134,SIDHANT MOHAPATRA,Bharatiya Janata Party,BIPLAB PATRO,Biju Janata Dal,16847,Result Declared
Odisha,Ekamra-Bhubaneswar,114,BABU SINGH,Bharatiya Janata Party,ASHOK CHANDRA PANDA,Biju Janata Dal,5023,Result Declared
Odisha,G. Udayagiri,83,PRAFULLA CHANDRA PRADHAN,Indian National Congress,MANAGOBINDA PRADHAN,Bharatiya Janata Party,7857,Result Declared
Odisha,Ghasipura,21,BADRI NARAYAN PATRA,Biju Janata Dal,SOUMYA RANJAN PATNAIK,Independent,13811,Result Declared
Odisha,Gopalpur,132,BIBHUTI BHUSHAN JENA,Bharatiya Janata Party,BIKRAM KUMAR PANDA,Biju Janata Dal,9062,Result Declared
Odisha,Gunupur,138,SATYAJEET GOMANGO,Indian National Congress,RAGHUNATH GOMANGO,Biju Janata Dal,29885,Result Declared
Odisha,Hindol,56,SIMARANI NAYAK,Bharatiya Janata Party,MAHESH SAHOO,Biju Janata Dal,11827,Result Declared
Odisha,Hinjili,131,NAVEEN PATNAIK,Biju Janata Dal,SISIR KUMAR MISHRA,Bharatiya Janata Party,4636,Result Declared
Odisha,Jagatsinghpur,104,AMARENDRA DAS,Bharatiya Janata Party,PRASANTA KUMAR MUDULI,Biju Janata Dal,22138,Result Declared
Odisha,Jajpur,52,SUJATA SAHU,Biju Janata Dal,GOUTAM RAY,Bharatiya Janata Party,2564,Result Declared
Odisha,Jaleswar,35,ASWINI KUMAR PATRA,Biju Janata Dal,BRAJAMOHAN PRADHAN,Bharatiya Janata Party,319,Result Declared
Odisha,Jashipur,26,GANESH RAM SINGKHUNTIA,Bharatiya Janata Party,CHAKRADHAR HEMBRAM,Biju Janata Dal,34667,Result Declared
Odisha,Jatani,115,BIBHUTI BHUSAN BALABANTARAY,Biju Janata Dal,BISWARANJAN BADAJENA,Bharatiya Janata Party,25221,Result Declared
Odisha,Jayadev,111,NABA KISHOR MALLICK,Biju Janata Dal,ARABINDA DHALI,Bharatiya Janata Party,21473,Result Declared
Odisha,Jeypore,143,TARA PRSADA BAHINIPATI,Indian National Congress,INDIRA NANDA,Biju Janata Dal,13111,Result Declared
Odisha,Jharigam,74,NARSING BHATRA,Bharatiya Janata Party,RAMESH CHANDRA MAJHI,Biju Janata Dal,3278,Result Declared
Odisha,Jharsuguda,7,TANKADHAR TRIPATHY,Bharatiya Janata Party,DIPALI DAS,Biju Janata Dal,1333,Result Declared
Odisha,Junagarh,78,DIBYA SHANKAR MISHRA,Biju Janata Dal,MANOJ KUMAR MEHER,Bharatiya Janata Party,1338,Result Declared
Odisha,Kabisuryanagar,125,PRATAP CHANDRA NAYAK,Bharatiya Janata Party,LATIKA PRADHAN,Biju Janata Dal,30173,Result Declared
Odisha,Kakatpur,105,TUSHARKANTI BEHERA,Biju Janata Dal,BAIDHAR MALIK,Bharatiya Janata Party,23151,Result Declared
Odisha,Kamakhyanagar,57,SATRUGHAN JENA,Bharatiya Janata Party,PRAFULLA KUMAR MALLIK,Biju Janata Dal,4662,Result Declared
Odisha,Kantabanji,70,LAXMAN BAG,Bharatiya Janata Party,NAVEEN PATNAIK,Biju Janata Dal,16344,Result Declared
Odisha,Kantamal,85,KANHAI CHARAN DANGA,Bharatiya Janata Party,MAHIDHAR RANA,Biju Janata Dal,7149,Result Declared
Odisha,Karanjia,30,PADMA CHARAN HAIBURU,Bharatiya Janata Party,BASANTI HEMBRAM,Biju Janata Dal,29499,Result Declared
Odisha,Kendrapara,97,GANESWAR BEHERA,Biju Janata Dal,GEETANJALI SETHI,Bharatiya Janata Party,35418,Result Declared
Odisha,Keonjhar,24,MOHAN CHARAN MAJHI,Bharatiya Janata Party,MINA MAJHI,Biju Janata Dal,11577,Result Declared
Odisha,Khalikote,126,PURNA CHANDRA SETHY,Bharatiya Janata Party,SURYAMANI BAIDYA,Biju Janata Dal,23057,Result Declared
Odisha,Khandapada,120,DUSMANTA KUMAR SWAIN,Bharatiya Janata Party,SABITRI PRADHAN,Biju Janata Dal,7343,Result Declared
Odisha,Khariar,72,ADHIRAJ MOHAN PANIGRAHI,Biju Janata Dal,HITESH KUMAR BAGARTTI,Bharatiya Janata Party,9618,Result Declared
Odisha,Khurda,117,PRASANTA KUMAR JAGADEV,Bharatiya Janata Party,RAJENDRA KUMAR SAHOO,Biju Janata Dal,8598,Result Declared
Odisha,Koraput,144,RAGHURAM MACHHA,Bharatiya Janata Party,RAGHU RAM PADAL,Biju Janata Dal,2524,Result Declared
Odisha,Korei,53,AKASH DASNAYAK,Bharatiya Janata Party,SANDHYARANI DAS,Biju Janata Dal,5646,Result Declared
Odisha,Kotpad,142,RUPU BHATRA,Bharatiya Janata Party,CHANDRA SEKHAR MAJHI,Biju Janata Dal,26264,Result Declared
Odisha,Kuchinda,15,RABI NARAYAN NAIK,Bharatiya Janata Party,RAJENDRA KUMAR CHHATRIA,Biju Janata Dal,32220,Result Declared
Odisha,Lakshmipur,141,PABITRA SAUNTA,Indian National Congress,PRABHU JANI,Biju Janata Dal,21262,Result Declared
Odisha,Lanjigarh,77,PRADIP KUMAR DISHARI,Biju Janata Dal,BALABHADRA MAJHI,Indian National Congress,6501,Result Declared
Odisha,Loisingha,66,MUKESH MAHALING,Bharatiya Janata Party,NIHAR RANJAN BEHERA,Biju Janata Dal,18190,Result Declared
Odisha,Mahakalapada,100,DURGA PRASAN NAYAK,Bharatiya Janata Party,ATANU SABYASACHI NAYAK,Biju Janata Dal,33526,Result Declared
Odisha,Mahanga,95,SARADA PRASAD PADHAN,Independent,ANKIT PRATAP JENA,Biju Janata Dal,7423,Result Declared
Odisha,Malkangiri,146,NARASINGA MADKAMI,Bharatiya Janata Party,MALA MADHI,Indian National Congress,14890,Result Declared
Odisha,Mohana,136,DASARATHI GAMANGO,Indian National Congress,PRASANTA KUMAR MALLIK,Bharatiya Janata Party,4059,Result Declared
Odisha,Morada,34,DR. KRUSHNA CHANDRA MAHAPATRA,Bharatiya Janata Party,PREETINANDA KANUNGO,Biju Janata Dal,33270,Result Declared
Odisha,Nabarangpur,75,GOURI SHANKAR MAJHI,Bharatiya Janata Party,KAUSALYA PRADHANI,Biju Janata Dal,25094,Result Declared
Odisha,Narla,81,MANORAMA MOHANTY,Biju Janata Dal,BHAKTA CHARAN DAS,Indian National Congress,5205,Result Declared
Odisha,Nayagarh,122,ARUNA KUMAR SAHOO,Biju Janata Dal,PRATYUSHA RAJESHWARI SINGH,Bharatiya Janata Party,439,Result Declared
Odisha,Niali,92,CHHABI MALIK,Bharatiya Janata Party,DR. PRAMOD KUMAR MALLICK,Biju Janata Dal,1452,Result Declared
Odisha,Nilgiri,40,SANTOSH KHATUA,Bharatiya Janata Party,SUKANTA KUMAR NAYAK,Biju Janata Dal,19839,Result Declared
Odisha,Nimapara,106,PRAVATI PARIDA,Bharatiya Janata Party,DILLIP KUMAR NAYAK,Biju Janata Dal,4588,Result Declared
Odisha,Nuapada,71,RAJENDRA DHOLAKIA,Biju Janata Dal,GHASIRAM MAJHI,Independent,10881,Result Declared
Odisha,Padampur,1,BARSHA SINGH BARIHA,Biju Janata Dal,GOBARDHAN BHOY,Bharatiya Janata Party,10993,Result Declared
Odisha,Pallahara,59,ASHOK MOHANTY,Bharatiya Janata Party,MUKESH KUMAR PAL,Biju Janata Dal,7563,Result Declared
Odisha,Paradeep,101,SAMPAD CHANDRA SWAIN,Bharatiya Janata Party,GEETANJALI ROUTRAY,Biju Janata Dal,15787,Result Declared
Odisha,Paralakhemundi,137,RUPESH KUMAR PANIGRAHI,Biju Janata Dal,KODURU NARAYANA RAO,Bharatiya Janata Party,3998,Result Declared
Odisha,Parjanga,58,BIBHUTI BHUSAN PRADHAN,Bharatiya Janata Party,DR. NRUSINGHA CHARAN SAHU,Biju Janata Dal,32162,Result Declared
Odisha,Patkura,96,ARVIND MOHAPATRA,Biju Janata Dal,TEJESWAR PARIDA,Bharatiya Janata Party,13822,Result Declared
Odisha,Patna,23,AKHILA CHANDRA NAIK,Bharatiya Janata Party,JAGANNATH NAIK,Biju Janata Dal,37979,Result Declared
Odisha,Patnagarh,67,KANAK VARDHAN SINGH DEO,Bharatiya Janata Party,SAROJ KUMAR MEHER,Biju Janata Dal,1357,Result Declared
Odisha,Phulbani,84,UMA CHARAN MALLICK,Bharatiya Janata Party,JAYASHREE KANHAR,Biju Janata Dal,2858,Result Declared
Odisha,Pipili,110,ASHRIT PATTANAYAK,Bharatiya Janata Party,RUDRA PRATAP MAHARATHY,Biju Janata Dal,15162,Result Declared
Odisha,Polasara,124,GOKULANANDA MALLIK,Bharatiya Janata Party,SRIKANTA SAHU,Biju Janata Dal,20946,Result Declared
Odisha,Pottangi,145,RAMA CHANDRA KADAM,Indian National Congress,PRAFULLA KUMAR PANGI,Biju Janata Dal,1919,Result Declared
Odisha,Puri,107,SUNIL KUMAR MOHANTY,Biju Janata Dal,JAYANTA KUMAR SARANGI,Bharatiya Janata Party,5178,Result Declared
Odisha,Raghunathpali,11,DURGA CHARAN TANTI,Bharatiya Janata Party,ARCHANA REKHA BEHERA,Biju Janata Dal,5774,Result Declared
Odisha,Rairakhol,18,PRASANNA ACHARYA,Biju Janata Dal,DEBENDRA MOHAPATRA,Bharatiya Janata Party,4960,Result Declared
Odisha,Rairangpur,28,JALEN NAIK,Bharatiya Janata Party,RAISEN MURMU,Biju Janata Dal,7693,Result Declared
Odisha,Rajanagar,99,DHRUBA CHARAN SAHOO,Biju Janata Dal,LALIT KUMAR BEHERA,Bharatiya Janata Party,18241,Result Declared
Odisha,Rajgangpur,13,C.S. RAAZEN EKKA,Indian National Congress,ANIL BARWA,Biju Janata Dal,10184,Result Declared
Odisha,Ranpur,119,SURAMA PADHY,Bharatiya Janata Party,SATYANARAYAN PRADHAN,Biju Janata Dal,15544,Result Declared
Odisha,Rayagada,140,KADRAKA APPALA SWAMY,Indian National Congress,ANUSAYA MAJHI,Biju Janata Dal,29186,Result Declared
Odisha,Remuna,39,GOBINDA CHANDRA DAS,Bharatiya Janata Party,BIDYASMITA MAHALIK,Biju Janata Dal,24168,Result Declared
Odisha,Rengali,16,SUDARSHAN HARIPAL,Biju Janata Dal,NAURI NAYAK,Bharatiya Janata Party,3212,Result Declared
Odisha,Rourkela,12,SARADA PRASAD NAYAK,Biju Janata Dal,DILIP KUMAR RAY,Bharatiya Janata Party,3552,Result Declared
Odisha,Salipur,94,PRASANTA BEHERA,Biju Janata Dal,ARINDAM ROY,Bharatiya Janata Party,7594,Result Declared
Odisha,Sambalpur,17,JAYANARAYAN MISHRA,Bharatiya Janata Party,ROHIT PUJARI,Biju Janata Dal,4105,Result Declared
Odisha,Sanakhemundi,130,RAMESH CHANDRA JENA,Indian National Congress,Sulakshana Geetanjali Devi,Biju Janata Dal,10662,Result Declared
Odisha,Saraskana,27,BHADAV HANSDAH,Bharatiya Janata Party,DEBASHIS MARNDI,Biju Janata Dal,13652,Result Declared
Odisha,Satyabadi,109,OM PRAKASH MISHRA,Bharatiya Janata Party,SANJAY KUMAR DAS BURMA,Biju Janata Dal,17708,Result Declared
Odisha,Simulia,42,PADMA LOCHAN PANDA,Bharatiya Janata Party,SUBASINI SAHOO,Biju Janata Dal,13183,Result Declared
Odisha,Sonepur,65,NIRANJAN PUJARI,Biju Janata Dal,PRAMOD KUMAR MAHAPATRA,Bharatiya Janata Party,15239,Result Declared
Odisha,Soro,41,MADHAB DHADA,Biju Janata Dal,PARSHURAM DHADA,Bharatiya Janata Party,802,Result Declared
Odisha,Sukinda,54,PRADEEP BAL SAMANTA,Bharatiya Janata Party,PRITIRANJAN GHARAI,Biju Janata Dal,9577,Result Declared
Odisha,Sundargarh,9,JOGESH KUMAR SINGH,Biju Janata Dal,KUSUM TETE,Bharatiya Janata Party,9122,Result Declared
Odisha,Surada,129,NILAMANI BISOYI,Bharatiya Janata Party,SANGHAMITRA SWAIN,Biju Janata Dal,28224,Result Declared
Odisha,Talcher,60,BRAJA KISHORE PRADHAN,Biju Janata Dal,KALANDI CHARAN SAMAL,Bharatiya Janata Party,32122,Result Declared
Odisha,Talsara,8,BHABANI SHANKAR BHOI,Bharatiya Janata Party,BINAYA KUMAR TOPPO,Biju Janata Dal,17189,Result Declared
Odisha,Telkoi,20,DR. FAKIR MOHAN NAIK,Bharatiya Janata Party,MADHABA SARDAR,Biju Janata Dal,9439,Result Declared
Odisha,Tirtol,102,RAMAKANTA BHOI,Biju Janata Dal,RAJKISHORE BEHERA,Bharatiya Janata Party,28495,Result Declared
Odisha,Titlagarh,69,NABIN KUMAR JAIN,Bharatiya Janata Party,TUKUNI SAHU,Biju Janata Dal,17399,Result Declared
Odisha,Udala,31,BHASKAR MADHEI,Bharatiya Janata Party,SRINATH SOREN,Biju Janata Dal,6517,Result Declared
Odisha,Umerkote,73,NITYANANDA GOND,Bharatiya Janata Party,NABINA NAYAK,Biju Janata Dal,10373,Result Declared
